,x,y,width,background
0,36.450161290322555,71.1345892857143,14.715161290322584,24.009409853714335
1,412.8187096774193,42.08960928571429,11.319354838709614,24.009409853714335
